city,lat,lng,temp,hum,cloud,wind,country,date
necochea,-38.5473,-58.7368,59.04,56,2,16.69,AR,Thu Aug 19 14:00:10 2021
mataura,-46.1927,168.8643,41.49,98,100,4.54,NZ,Thu Aug 19 14:00:55 2021
puerto ayora,-0.7393,-90.3518,74.55,81,95,8.99,EC,Thu Aug 19 14:02:27 2021
tuatapere,-46.1333,167.6833,41.83,85,87,8.7,NZ,Thu Aug 19 14:03:40 2021
cape town,-33.9258,18.4232,55.11,81,20,4.0,ZA,Thu Aug 19 13:58:12 2021
east london,-33.0153,27.9116,56.62,81,100,10.6,ZA,Thu Aug 19 14:02:18 2021
hasanpur,28.7167,78.2833,83.05,75,100,7.0,IN,Thu Aug 19 14:06:32 2021
khatanga,71.9667,102.5,45.54,93,100,13.82,RU,Thu Aug 19 14:01:27 2021
cairns,-16.9167,145.7667,71.55,81,90,10.36,AU,Thu Aug 19 14:05:45 2021
tuktoyaktuk,69.4541,-133.0374,41.04,89,100,16.78,CA,Thu Aug 19 14:01:13 2021
hami,42.8,93.45,78.57,24,0,3.96,CN,Thu Aug 19 14:06:33 2021
hobart,-42.8794,147.3294,47.26,89,100,1.99,AU,Thu Aug 19 14:01:07 2021
chuy,-33.6971,-53.4616,76.5,62,54,15.26,UY,Thu Aug 19 14:02:17 2021
saldanha,-33.0117,17.9442,55.13,76,0,16.33,ZA,Thu Aug 19 14:02:10 2021
hofn,64.2539,-15.2082,52.45,92,99,10.29,IS,Thu Aug 19 14:00:59 2021
yellowknife,62.456,-114.3525,53.69,95,100,11.07,CA,Thu Aug 19 14:01:00 2021
sinnamary,5.3833,-52.95,82.87,77,60,9.04,GF,Thu Aug 19 14:01:14 2021
atuona,-9.8,-139.0333,77.92,71,4,18.28,PF,Thu Aug 19 14:01:32 2021
ancud,-41.8697,-73.8203,45.43,87,100,15.46,CL,Thu Aug 19 14:03:22 2021
anadyr,64.75,177.4833,45.37,83,8,6.6,RU,Thu Aug 19 14:02:48 2021
margate,51.3813,1.3862,67.69,76,51,1.99,GB,Thu Aug 19 14:06:36 2021
carnarvon,-24.8667,113.6333,64.67,71,0,8.25,AU,Thu Aug 19 14:01:52 2021
eyl,7.9803,49.8164,77.18,82,0,19.17,SO,Thu Aug 19 14:02:17 2021
port lincoln,-34.7333,135.8667,57.63,89,90,14.56,AU,Thu Aug 19 14:02:26 2021
tasiilaq,65.6145,-37.6368,42.96,90,100,3.27,GL,Thu Aug 19 14:01:55 2021
bluff,-46.6,168.3333,41.81,68,73,17.52,NZ,Thu Aug 19 14:01:05 2021
rawson,-43.3002,-65.1023,57.9,32,93,10.31,AR,Thu Aug 19 14:00:59 2021
rikitea,-23.1203,-134.9692,67.89,60,99,21.77,PF,Thu Aug 19 14:01:24 2021
mahebourg,-20.4081,57.7,70.25,72,11,10.36,MU,Thu Aug 19 14:02:36 2021
tucuma,-0.1833,-50.05,86.0,63,37,8.84,BR,Thu Aug 19 14:06:38 2021
punta arenas,-53.15,-70.9167,37.76,52,81,19.24,CL,Thu Aug 19 14:00:59 2021
iralaya,15.0,-83.2333,82.02,81,100,14.14,HN,Thu Aug 19 14:06:39 2021
torbat-e jam,35.244,60.6225,73.96,22,0,11.32,IR,Thu Aug 19 14:06:39 2021
hermanus,-34.4187,19.2345,54.9,81,0,7.99,ZA,Thu Aug 19 14:01:11 2021
ushuaia,-54.8,-68.3,29.34,78,100,13.6,AR,Thu Aug 19 14:00:54 2021
luderitz,-26.6481,15.1594,55.4,78,0,20.02,NA,Thu Aug 19 14:03:01 2021
jamestown,42.097,-79.2353,81.3,74,82,3.0,US,Thu Aug 19 13:57:38 2021
pangnirtung,66.1451,-65.7125,50.92,77,100,2.8,CA,Thu Aug 19 14:02:12 2021
ilulissat,69.2167,-51.1,48.22,81,75,6.91,GL,Thu Aug 19 14:02:30 2021
new norfolk,-42.7826,147.0587,46.92,72,100,2.73,AU,Thu Aug 19 14:01:26 2021
mount isa,-20.7333,139.5,55.17,30,0,0.0,AU,Thu Aug 19 14:00:15 2021
korop,51.5664,32.9586,61.77,54,46,8.3,UA,Thu Aug 19 14:06:42 2021
klaksvik,62.2266,-6.589,50.92,77,100,12.57,FO,Thu Aug 19 14:02:29 2021
nemuro,43.3236,145.575,56.71,91,7,7.38,JP,Thu Aug 19 14:06:43 2021
avera,33.194,-82.5271,94.71,43,86,3.36,US,Thu Aug 19 14:03:04 2021
nouadhibou,20.931,-17.0347,73.15,81,11,11.54,MR,Thu Aug 19 14:02:40 2021
penzance,50.1186,-5.5371,61.81,91,32,9.08,GB,Thu Aug 19 14:04:56 2021
venado tuerto,-33.7456,-61.9688,67.77,48,100,10.6,AR,Thu Aug 19 14:06:44 2021
broken hill,-31.95,141.4333,53.65,39,10,11.7,AU,Thu Aug 19 14:03:47 2021
kailua,21.4022,-157.7394,82.38,70,90,16.11,US,Thu Aug 19 14:06:44 2021
provideniya,64.3833,-173.3,41.9,93,100,4.65,RU,Thu Aug 19 14:01:08 2021
kapaa,22.0752,-159.319,80.58,75,10,1.99,US,Thu Aug 19 14:01:16 2021
hithadhoo,-0.6,73.0833,82.4,72,100,6.13,MV,Thu Aug 19 14:01:47 2021
kaffrine,14.1059,-15.5508,76.48,92,100,9.64,SN,Thu Aug 19 14:06:45 2021
koslan,63.4564,48.8989,63.55,96,32,5.79,RU,Thu Aug 19 14:06:46 2021
vabalninkas,55.9667,24.75,55.26,87,0,9.08,LT,Thu Aug 19 14:06:46 2021
bilibino,68.0546,166.4372,47.25,66,18,2.44,RU,Thu Aug 19 14:04:54 2021
zyryanka,65.75,150.85,52.83,80,29,8.55,RU,Thu Aug 19 14:06:47 2021
south venice,27.0531,-82.4243,95.99,64,20,9.22,US,Thu Aug 19 14:06:47 2021
oranjemund,-28.55,16.4333,54.52,83,16,16.04,NA,Thu Aug 19 14:06:48 2021
ha giang,22.8333,104.9833,77.85,93,81,1.16,VN,Thu Aug 19 14:06:48 2021
qaanaaq,77.484,-69.3632,41.31,83,21,1.14,GL,Thu Aug 19 14:00:57 2021
kaduna,10.5222,7.4383,71.58,91,17,2.24,NG,Thu Aug 19 14:06:49 2021
puerto suarez,-18.95,-57.8,100.96,17,0,14.97,BO,Thu Aug 19 14:06:49 2021
conde,-7.2597,-34.9075,76.46,83,75,13.8,BR,Thu Aug 19 14:06:50 2021
marsh harbour,26.5412,-77.0636,82.71,72,100,7.09,BS,Thu Aug 19 14:05:33 2021
thompson,55.7435,-97.8558,64.06,43,100,6.02,CA,Thu Aug 19 14:01:17 2021
mughal sarai,25.3,83.1167,81.75,86,94,5.82,IN,Thu Aug 19 14:06:51 2021
takoradi,4.8845,-1.7554,76.87,81,77,10.87,GH,Thu Aug 19 14:04:31 2021
dicabisagan,17.0818,122.4157,77.83,89,100,3.15,PH,Thu Aug 19 14:06:51 2021
cidreira,-30.1811,-50.2056,83.43,46,0,6.62,BR,Thu Aug 19 14:03:29 2021
marondera,-18.1853,31.5519,57.51,35,0,3.49,ZW,Thu Aug 19 14:06:52 2021
lodja,-3.4833,23.4333,73.53,75,30,3.38,CD,Thu Aug 19 14:06:52 2021
nikolskoye,59.7035,30.7861,61.02,91,23,11.23,RU,Thu Aug 19 14:00:57 2021
codrington,-38.2667,141.9667,55.29,49,73,21.16,AU,Thu Aug 19 14:03:43 2021
dandong,40.1292,124.3947,64.72,71,96,3.67,CN,Thu Aug 19 14:06:53 2021
flinders,-34.5833,150.8552,49.21,84,24,1.01,AU,Thu Aug 19 14:06:53 2021
kodiak,57.79,-152.4072,56.16,75,5,0.81,US,Thu Aug 19 14:03:11 2021
puerto escondido,15.85,-97.0667,86.83,62,90,9.22,MX,Thu Aug 19 14:03:43 2021
gladstone,-23.85,151.25,66.13,72,90,4.61,AU,Thu Aug 19 14:06:54 2021
chokurdakh,70.6333,147.9167,52.25,67,34,6.71,RU,Thu Aug 19 14:02:17 2021
albany,42.6001,-73.9662,82.45,90,100,3.91,US,Thu Aug 19 13:57:38 2021
castro,-24.7911,-50.0119,79.05,41,0,5.37,BR,Thu Aug 19 14:01:28 2021
bentiu,9.2333,29.8333,70.41,96,81,5.1,SS,Thu Aug 19 14:06:55 2021
aljezur,37.3191,-8.8033,65.21,78,0,12.77,PT,Thu Aug 19 14:06:56 2021
asau,46.4333,26.4,62.76,88,0,3.8,RO,Thu Aug 19 14:03:55 2021
sao jose da coroa grande,-8.8978,-35.1478,76.86,77,60,15.43,BR,Thu Aug 19 14:06:57 2021
severnyy,50.677,36.5532,75.24,64,0,13.42,RU,Thu Aug 19 14:06:57 2021
vardo,70.3705,31.1107,52.0,97,100,10.96,NO,Thu Aug 19 14:02:59 2021
nhulunbuy,-12.2333,136.7667,70.41,94,0,3.44,AU,Thu Aug 19 14:06:58 2021
indiana,40.0003,-86.2503,88.68,59,1,0.0,US,Thu Aug 19 14:06:40 2021
caconda,-13.7333,15.0667,66.06,21,0,4.09,AO,Thu Aug 19 14:06:58 2021
lundazi,-12.2929,33.1782,63.48,42,0,6.06,ZM,Thu Aug 19 14:06:59 2021
kavieng,-2.5744,150.7967,81.63,74,21,5.77,PG,Thu Aug 19 14:04:01 2021
talnakh,69.4865,88.3972,44.31,77,99,6.6,RU,Thu Aug 19 14:03:14 2021
busselton,-33.65,115.3333,50.09,73,5,11.18,AU,Thu Aug 19 14:01:13 2021
moranbah,-22.0016,148.0466,58.19,94,6,11.1,AU,Thu Aug 19 14:02:56 2021
vikulovo,56.8167,70.6107,62.92,64,69,3.91,RU,Thu Aug 19 14:07:00 2021
vanimo,-2.6741,141.3028,76.57,91,85,4.97,PG,Thu Aug 19 14:01:34 2021
calvinia,-31.4707,19.776,43.23,83,54,3.15,ZA,Thu Aug 19 14:07:01 2021
sur,22.5667,59.5289,81.39,70,6,15.19,OM,Thu Aug 19 14:04:46 2021
zeya,53.75,127.2667,65.8,98,100,9.06,RU,Thu Aug 19 14:07:02 2021
port hawkesbury,45.6169,-61.3485,76.59,88,70,5.99,CA,Thu Aug 19 14:06:49 2021
leningradskiy,69.3833,178.4167,44.98,58,12,5.35,RU,Thu Aug 19 14:03:24 2021
iqaluit,63.7506,-68.5145,44.92,82,100,16.02,CA,Thu Aug 19 14:01:47 2021
port alfred,-33.5906,26.891,56.79,64,96,10.85,ZA,Thu Aug 19 14:01:53 2021
sukhobuzimskoye,56.5,93.2728,58.64,97,14,5.21,RU,Thu Aug 19 14:07:03 2021
sao filipe,14.8961,-24.4956,78.69,84,37,1.54,CV,Thu Aug 19 14:01:05 2021
corsicana,32.0954,-96.4689,93.2,57,20,10.0,US,Thu Aug 19 14:07:04 2021
pevek,69.7008,170.3133,43.16,71,100,18.97,RU,Thu Aug 19 14:01:02 2021
sicamous,50.8331,-118.9856,83.19,37,7,4.34,CA,Thu Aug 19 14:07:05 2021
faanui,-16.4833,-151.75,77.16,74,96,25.3,PF,Thu Aug 19 14:02:37 2021
batagay,67.6333,134.6333,51.58,89,27,3.47,RU,Thu Aug 19 14:07:06 2021
oxelosund,58.6706,17.1015,58.93,58,0,8.05,SE,Thu Aug 19 14:07:07 2021
sibul,15.169,121.0616,76.66,93,96,1.25,PH,Thu Aug 19 14:07:08 2021
ola,59.5833,151.2833,53.73,97,100,0.51,RU,Thu Aug 19 14:07:08 2021
khed brahma,24.0333,73.05,77.11,88,100,5.3,IN,Thu Aug 19 14:06:11 2021
ketchikan,55.3422,-131.6461,57.67,100,90,9.22,US,Thu Aug 19 14:07:09 2021
bengkulu,-3.8004,102.2655,74.08,90,96,4.03,ID,Thu Aug 19 14:02:13 2021
bucak,37.4592,30.595,79.32,35,0,4.23,TR,Thu Aug 19 14:07:10 2021
pisco,-13.7,-76.2167,68.02,73,5,8.55,PE,Thu Aug 19 14:01:26 2021
vaini,-21.2,-175.2,73.22,89,58,11.88,TO,Thu Aug 19 14:01:20 2021
victoria,22.2855,114.1577,83.32,86,9,3.8,HK,Thu Aug 19 14:02:59 2021
yatou,37.15,122.3833,73.87,85,100,8.12,CN,Thu Aug 19 14:01:07 2021
hilo,19.7297,-155.09,80.33,75,90,3.44,US,Thu Aug 19 14:07:11 2021
mossendjo,-2.9506,12.7261,73.2,78,58,5.48,CG,Thu Aug 19 14:07:12 2021
norman wells,65.282,-126.8329,58.05,44,53,7.45,CA,Thu Aug 19 14:03:46 2021
karpathos,35.507,27.2132,76.96,94,0,5.75,GR,Thu Aug 19 14:07:12 2021
port hardy,50.6996,-127.4199,60.31,85,56,16.62,CA,Thu Aug 19 14:03:27 2021
buenavista,8.9769,125.4089,75.94,90,38,5.08,PH,Thu Aug 19 14:07:13 2021
vilcun,-38.65,-72.2333,50.74,86,100,9.24,CL,Thu Aug 19 14:07:13 2021
pasni,25.2631,63.471,78.85,83,54,16.28,PK,Thu Aug 19 14:07:14 2021
bang krathum,16.5783,100.3003,79.75,83,66,2.55,TH,Thu Aug 19 14:07:14 2021
iranshahr,27.2025,60.6848,92.3,34,36,8.19,IR,Thu Aug 19 14:07:15 2021
jumla,29.2747,82.1838,63.07,98,100,0.76,NP,Thu Aug 19 14:03:01 2021
ormara,25.2088,64.6357,79.52,80,97,16.42,PK,Thu Aug 19 14:07:15 2021
rumphi,-11.0186,33.8575,63.1,52,5,2.17,MW,Thu Aug 19 14:07:16 2021
majene,-3.5403,118.9707,76.77,90,100,6.98,ID,Thu Aug 19 14:07:16 2021
narsaq,60.9167,-46.05,50.22,95,100,5.53,GL,Thu Aug 19 14:07:16 2021
salalah,17.0151,54.0924,76.77,89,100,3.56,OM,Thu Aug 19 14:00:25 2021
brae,60.3964,-1.353,53.51,69,100,11.01,GB,Thu Aug 19 14:07:17 2021
aklavik,68.2191,-135.0107,47.62,69,91,7.81,CA,Thu Aug 19 14:07:18 2021
antofagasta,-23.65,-70.4,64.08,67,9,4.81,CL,Thu Aug 19 14:02:43 2021
airai,-8.9266,125.4092,55.94,80,0,2.26,TL,Thu Aug 19 14:01:55 2021
valleyview,55.0667,-117.2859,65.21,45,28,7.7,CA,Thu Aug 19 14:04:28 2021
grants,35.1473,-107.8514,75.43,35,75,9.22,US,Thu Aug 19 14:07:19 2021
mitsamiouli,-11.3847,43.2844,78.64,75,97,10.31,KM,Thu Aug 19 14:07:19 2021
kjollefjord,70.9457,27.3465,48.25,97,100,14.14,NO,Thu Aug 19 14:07:20 2021
platanos,37.6667,21.6167,79.48,79,0,2.01,GR,Thu Aug 19 14:07:20 2021
store heddinge,55.3097,12.3889,62.67,69,95,13.24,DK,Thu Aug 19 14:07:21 2021
scottsbluff,41.8666,-103.6672,73.81,72,90,1.01,US,Thu Aug 19 14:07:21 2021
ahipara,-35.1667,173.1667,52.75,68,87,5.82,NZ,Thu Aug 19 14:04:14 2021
qiqihar,47.3408,123.9672,68.88,89,100,17.4,CN,Thu Aug 19 14:07:22 2021
gigmoto,13.7796,124.39,79.99,85,90,2.15,PH,Thu Aug 19 14:01:44 2021
tooele,40.5308,-112.2983,63.09,77,40,19.57,US,Thu Aug 19 14:05:10 2021
ust-omchug,61.15,149.6333,51.75,93,93,2.28,RU,Thu Aug 19 14:07:23 2021
kolosovka,56.4678,73.611,62.33,70,100,2.98,RU,Thu Aug 19 14:07:24 2021
sesvete,45.8311,16.1164,68.13,60,0,1.14,HR,Thu Aug 19 14:07:24 2021
bredasdorp,-34.5322,20.0403,46.27,83,1,1.68,ZA,Thu Aug 19 14:01:30 2021
ponta do sol,32.6667,-17.1,78.71,66,0,4.14,PT,Thu Aug 19 14:02:00 2021
bethel,41.3712,-73.414,83.48,84,90,1.99,US,Thu Aug 19 13:59:30 2021
lavrentiya,65.5833,-171.0,41.77,92,100,11.39,RU,Thu Aug 19 14:02:24 2021
fairmont,39.4851,-80.1426,80.26,80,99,5.17,US,Thu Aug 19 14:02:41 2021
rocha,-34.4833,-54.3333,60.22,90,87,17.11,UY,Thu Aug 19 14:04:11 2021
guerrero negro,27.9769,-114.0611,80.96,54,9,9.24,MX,Thu Aug 19 14:03:57 2021
huambo,-12.7761,15.7392,70.56,22,55,3.0,AO,Thu Aug 19 14:07:26 2021
college,64.8569,-147.8028,46.58,92,90,4.61,US,Thu Aug 19 14:07:27 2021
maracaibo,10.6317,-71.6406,89.69,56,92,3.44,VE,Thu Aug 19 14:05:42 2021
lagoa,39.05,-27.9833,72.01,75,34,11.18,PT,Thu Aug 19 14:04:48 2021
kruisfontein,-34.0033,24.7314,48.88,70,91,0.85,ZA,Thu Aug 19 14:01:15 2021
abapo,-18.8333,-63.4667,97.72,18,0,15.52,BO,Thu Aug 19 14:07:28 2021
georgetown,5.4112,100.3354,77.9,92,40,4.61,MY,Thu Aug 19 14:00:21 2021
clarence town,-32.5833,151.7833,55.56,80,92,3.29,AU,Thu Aug 19 14:07:28 2021
nanortalik,60.1432,-45.2371,49.57,80,100,13.06,GL,Thu Aug 19 14:02:25 2021
mehamn,71.0357,27.8492,48.38,99,100,14.56,NO,Thu Aug 19 14:03:34 2021
mumford,5.2618,-0.759,75.16,88,46,12.17,GH,Thu Aug 19 14:04:18 2021
saint-philippe,-21.3585,55.7679,69.35,75,40,11.63,RE,Thu Aug 19 14:01:45 2021
new richmond,45.123,-92.5366,91.92,51,40,6.91,US,Thu Aug 19 14:04:26 2021
oudtshoorn,-33.5907,22.2014,50.36,83,99,0.81,ZA,Thu Aug 19 14:07:30 2021
sitka,57.0531,-135.33,58.86,86,91,2.89,US,Thu Aug 19 13:54:29 2021
barrow,71.2906,-156.7887,35.62,93,90,10.36,US,Thu Aug 19 14:01:28 2021
fougamou,-1.2154,10.5838,72.66,94,35,1.83,GA,Thu Aug 19 14:07:31 2021
roslavl,53.9528,32.8639,57.34,71,49,2.86,RU,Thu Aug 19 14:07:31 2021
saharsa,25.8833,86.6,79.75,90,93,9.35,IN,Thu Aug 19 14:07:32 2021
laguna,38.421,-121.4238,86.47,44,75,3.44,US,Thu Aug 19 14:04:49 2021
arraial do cabo,-22.9661,-42.0278,72.45,76,0,29.33,BR,Thu Aug 19 14:01:03 2021
walvis bay,-22.9575,14.5053,57.09,72,0,16.98,NA,Thu Aug 19 14:04:09 2021
gazojak,41.1875,61.4036,82.4,20,0,11.72,TM,Thu Aug 19 14:07:33 2021
clyde river,70.4692,-68.5914,40.23,89,100,7.76,CA,Thu Aug 19 14:07:33 2021
lompoc,34.6391,-120.4579,79.11,65,40,3.0,US,Thu Aug 19 14:01:04 2021
haines junction,60.7522,-137.5108,53.65,83,99,3.71,CA,Thu Aug 19 14:07:34 2021
cherskiy,68.75,161.3,52.86,52,69,6.71,RU,Thu Aug 19 14:01:53 2021
cabo san lucas,22.8909,-109.9124,91.81,67,100,6.69,MX,Thu Aug 19 14:00:05 2021
humaita,-7.5061,-63.0208,104.68,18,44,2.1,BR,Thu Aug 19 14:07:35 2021
tsumeb,-19.2333,17.7167,70.83,12,0,8.25,NA,Thu Aug 19 14:07:35 2021
lambarene,-0.7001,10.2406,73.56,92,98,1.92,GA,Thu Aug 19 14:07:36 2021
beringovskiy,63.05,179.3167,44.76,80,8,6.46,RU,Thu Aug 19 14:02:52 2021
bugarama,-2.8706,30.5281,72.82,45,93,2.37,TZ,Thu Aug 19 14:07:36 2021
kayerkan,69.3497,87.7602,43.11,78,100,5.93,RU,Thu Aug 19 14:03:38 2021
eyrarbakki,63.863,-21.1481,56.01,87,100,5.82,IS,Thu Aug 19 14:07:37 2021
mar del plata,-38.0023,-57.5575,57.22,77,0,4.61,AR,Thu Aug 19 13:58:07 2021
cranbrook,49.4999,-115.7688,65.73,48,100,5.48,CA,Thu Aug 19 14:07:37 2021
eureka,40.8021,-124.1637,84.67,71,2,3.0,US,Thu Aug 19 14:00:18 2021
mollendo,-17.0231,-72.0147,63.68,68,0,7.36,PE,Thu Aug 19 14:07:38 2021
alice springs,-23.7,133.8833,45.95,34,0,0.0,AU,Thu Aug 19 14:00:14 2021
saint anthony,45.0205,-93.218,92.84,51,40,3.0,US,Thu Aug 19 14:07:39 2021
hervey bay,-25.2986,152.8535,59.04,75,18,8.08,AU,Thu Aug 19 14:02:04 2021
inhambane,-23.865,35.3833,71.51,85,0,13.69,MZ,Thu Aug 19 14:07:39 2021
setermoen,68.861,18.3486,57.16,94,100,1.68,NO,Thu Aug 19 14:07:40 2021
butaritari,3.0707,172.7902,82.51,76,99,13.56,KI,Thu Aug 19 14:02:08 2021
aswan,24.0934,32.907,91.36,14,0,12.37,EG,Thu Aug 19 14:01:48 2021
tilichiki,60.4667,166.1,51.28,97,100,6.17,RU,Thu Aug 19 14:01:10 2021
khasan,42.4308,130.6434,66.61,88,40,3.98,RU,Thu Aug 19 14:07:41 2021
winton,37.3894,-120.6133,87.62,42,1,4.61,US,Thu Aug 19 14:07:42 2021
broome,42.2506,-75.833,78.17,85,75,4.0,US,Thu Aug 19 14:03:09 2021
avarua,-21.2078,-159.775,71.65,88,75,19.57,CK,Thu Aug 19 14:01:07 2021
kaitangata,-46.2817,169.8464,39.0,84,19,10.27,NZ,Thu Aug 19 14:02:01 2021
aldan,58.6031,125.3894,57.69,90,100,4.63,RU,Thu Aug 19 14:07:43 2021
mahibadhoo,3.7833,72.9667,82.29,73,29,9.57,MV,Thu Aug 19 14:07:43 2021
atar,20.5169,-13.0499,99.84,27,18,17.16,MR,Thu Aug 19 14:07:44 2021
okha,53.5739,142.9478,61.75,84,33,7.0,RU,Thu Aug 19 14:07:44 2021
sangar,63.9242,127.4739,51.13,89,100,5.17,RU,Thu Aug 19 14:07:45 2021
vila velha,-20.3297,-40.2925,76.95,61,0,14.97,BR,Thu Aug 19 14:07:45 2021
locri,38.2414,16.2623,81.0,70,0,7.43,IT,Thu Aug 19 14:07:45 2021
akyab,20.15,92.9,79.66,84,99,7.94,MM,Thu Aug 19 14:07:46 2021
bindura,-17.3019,31.3306,68.02,35,0,1.86,ZW,Thu Aug 19 14:07:47 2021
saskylakh,71.9167,114.0833,53.83,86,100,6.31,RU,Thu Aug 19 14:02:06 2021
samarai,-10.6167,150.6667,78.6,85,71,10.92,PG,Thu Aug 19 14:03:57 2021
najran,17.4924,44.1277,86.05,38,27,7.14,SA,Thu Aug 19 14:07:47 2021
khuzhir,53.1939,107.3397,54.75,80,0,10.13,RU,Thu Aug 19 14:07:48 2021
korla,41.7597,86.1469,77.41,21,0,5.93,CN,Thu Aug 19 14:03:00 2021
kindu,-2.95,25.95,73.49,82,30,1.36,CD,Thu Aug 19 14:07:49 2021
kahului,20.8947,-156.47,83.46,71,20,21.85,US,Thu Aug 19 14:04:26 2021
longyearbyen,78.2186,15.6401,42.64,75,75,5.75,SJ,Thu Aug 19 14:00:56 2021
kitzbuhel,47.4464,12.3922,65.91,78,58,1.41,AT,Thu Aug 19 14:07:49 2021
huarmey,-10.0681,-78.1522,69.53,70,14,12.08,PE,Thu Aug 19 14:07:50 2021
port macquarie,-31.4333,152.9167,46.36,100,19,0.0,AU,Thu Aug 19 14:03:14 2021
saint-joseph,-21.3667,55.6167,68.36,73,19,6.33,RE,Thu Aug 19 14:00:07 2021
te anau,-45.4167,167.7167,33.58,89,84,1.41,NZ,Thu Aug 19 14:04:03 2021
sorland,67.667,12.6934,51.66,88,94,25.59,NO,Thu Aug 19 14:07:51 2021
esperance,-33.8667,121.9,54.9,88,100,13.53,AU,Thu Aug 19 14:03:06 2021
tiksi,71.6872,128.8694,46.71,91,99,4.94,RU,Thu Aug 19 14:01:09 2021
kajaani,64.2273,27.7285,55.45,94,40,10.36,FI,Thu Aug 19 14:07:52 2021
hambantota,6.1241,81.1185,79.14,83,0,8.05,LK,Thu Aug 19 14:07:52 2021
saint-augustin,51.226,-58.6502,87.73,35,6,11.56,CA,Thu Aug 19 14:04:21 2021
igarka,67.4667,86.5833,39.96,92,57,5.03,RU,Thu Aug 19 14:07:53 2021
matara,5.9485,80.5353,76.46,89,100,8.72,LK,Thu Aug 19 14:02:37 2021
wiang sa,8.6359,99.3666,74.52,96,100,1.81,TH,Thu Aug 19 14:07:54 2021
evensk,61.95,159.2333,49.46,98,100,2.21,RU,Thu Aug 19 14:07:54 2021
lerwick,60.1545,-1.1494,53.6,67,100,11.14,GB,Thu Aug 19 14:07:55 2021
suntar,62.1444,117.6319,53.06,92,30,1.81,RU,Thu Aug 19 14:07:55 2021
severo-kurilsk,50.6789,156.125,53.35,89,100,3.06,RU,Thu Aug 19 14:02:09 2021
ballina,-28.8667,153.5667,53.78,83,19,5.19,AU,Thu Aug 19 14:04:26 2021
challans,46.8436,-1.8749,67.12,86,63,8.48,FR,Thu Aug 19 14:04:28 2021
hasaki,35.7333,140.8333,77.4,88,12,16.28,JP,Thu Aug 19 14:02:41 2021
darab,28.7519,54.5444,86.94,34,12,0.45,IR,Thu Aug 19 14:07:56 2021
dhone,15.4167,77.8833,78.04,73,100,13.27,IN,Thu Aug 19 14:07:07 2021
koppies,-27.2418,27.5742,50.49,42,0,7.52,ZA,Thu Aug 19 14:07:57 2021
dikson,73.5069,80.5464,39.69,89,100,13.6,RU,Thu Aug 19 14:01:56 2021
rio gallegos,-51.6226,-69.2181,38.68,51,100,18.92,AR,Thu Aug 19 14:01:46 2021
santa isabel do rio negro,-0.4139,-65.0192,91.98,48,59,0.89,BR,Thu Aug 19 14:07:58 2021
bima,-8.4667,118.7167,70.9,92,74,3.94,ID,Thu Aug 19 14:07:58 2021
bambous virieux,-20.3428,57.7575,70.21,72,14,10.56,MU,Thu Aug 19 14:01:33 2021
aki,33.5,133.9,73.17,95,100,4.05,JP,Thu Aug 19 14:07:59 2021
bubaque,11.2833,-15.8333,78.53,84,100,23.55,GW,Thu Aug 19 14:03:29 2021
khash,28.2211,61.2158,83.77,19,52,3.87,IR,Thu Aug 19 14:07:59 2021
casper,42.8666,-106.3131,64.99,75,40,7.0,US,Thu Aug 19 14:06:18 2021
teluk nibung,3.001,99.8164,73.0,95,84,4.88,ID,Thu Aug 19 14:08:00 2021
ostrovnoy,68.0531,39.5131,57.29,81,79,13.6,RU,Thu Aug 19 14:01:42 2021
mantua,45.1667,10.7833,80.71,60,31,1.01,IT,Thu Aug 19 14:08:01 2021
juneau,58.3019,-134.4197,59.85,91,90,0.0,US,Thu Aug 19 14:08:01 2021
vila franca do campo,37.7167,-25.4333,75.61,81,95,10.51,PT,Thu Aug 19 14:03:25 2021
ambilobe,-13.2,49.05,72.99,74,5,4.41,MG,Thu Aug 19 14:08:02 2021
castelo,-20.6036,-41.1847,83.35,38,6,3.02,BR,Thu Aug 19 14:08:02 2021
xanlar,40.5869,46.3158,78.31,47,40,11.5,AZ,Thu Aug 19 14:08:03 2021
lorengau,-2.0226,147.2712,81.43,71,93,5.79,PG,Thu Aug 19 14:02:36 2021
hay river,60.8156,-115.7999,49.53,94,100,14.85,CA,Thu Aug 19 14:02:58 2021
yulara,-25.2406,130.9889,48.04,34,0,4.61,AU,Thu Aug 19 14:08:04 2021
hirara,24.8,125.2833,82.78,78,77,7.58,JP,Thu Aug 19 14:08:04 2021
katsuura,35.1333,140.3,80.71,90,2,14.03,JP,Thu Aug 19 14:03:15 2021
daru,-9.0763,143.2092,76.55,88,55,15.37,PG,Thu Aug 19 14:03:28 2021
guaraniacu,-25.1008,-52.8781,84.15,30,0,6.71,BR,Thu Aug 19 14:08:05 2021
helong,42.5397,128.9972,55.87,96,18,3.47,CN,Thu Aug 19 14:08:05 2021
capelinha,-17.6914,-42.5158,72.5,39,6,9.78,BR,Thu Aug 19 14:08:06 2021
hapur,28.7167,77.7833,84.36,75,100,6.35,IN,Thu Aug 19 14:08:06 2021
sumkino,58.1108,68.3244,59.65,80,57,4.97,RU,Thu Aug 19 14:08:07 2021
nefteyugansk,61.0998,72.6035,48.45,76,100,7.4,RU,Thu Aug 19 14:08:07 2021
abha,18.2164,42.5053,71.85,53,40,0.0,SA,Thu Aug 19 14:08:07 2021
rimini,44.0241,12.5186,77.52,57,75,3.0,IT,Thu Aug 19 14:08:08 2021
bandarbeyla,9.4942,50.8122,77.04,81,3,27.74,SO,Thu Aug 19 14:03:55 2021
itarema,-2.9248,-39.9167,83.26,59,79,18.86,BR,Thu Aug 19 14:08:09 2021
placerville,38.7296,-120.7986,86.97,37,1,6.91,US,Thu Aug 19 14:08:09 2021
valparaiso,-33.0393,-71.6273,59.92,97,75,3.44,CL,Thu Aug 19 14:08:10 2021
tutoia,-2.7619,-42.2744,84.18,63,9,12.46,BR,Thu Aug 19 14:08:10 2021
xai-xai,-25.0519,33.6442,69.98,83,0,12.21,MZ,Thu Aug 19 14:08:11 2021
leshukonskoye,64.8989,45.7622,60.93,98,80,5.12,RU,Thu Aug 19 14:08:11 2021
papara,-3.9839,-38.7273,82.8,42,97,9.64,BR,Thu Aug 19 14:08:12 2021
kloulklubed,7.0419,134.2556,75.7,71,100,5.03,PW,Thu Aug 19 14:04:34 2021
dakar,14.6937,-17.4441,77.88,86,100,9.44,SN,Thu Aug 19 14:01:17 2021
torbay,47.6666,-52.7314,82.89,55,34,17.92,CA,Thu Aug 19 14:04:05 2021
kalmunai,7.4167,81.8167,81.21,81,100,3.22,LK,Thu Aug 19 14:01:00 2021
port elizabeth,-33.918,25.5701,52.09,71,20,3.44,ZA,Thu Aug 19 13:57:50 2021
kuusamo,65.9667,29.1833,55.44,94,75,11.5,FI,Thu Aug 19 14:08:13 2021
alcaniz,41.05,-0.1333,70.43,58,2,9.15,ES,Thu Aug 19 14:08:14 2021
kapit,2.0167,112.9333,72.95,99,100,0.47,MY,Thu Aug 19 14:08:14 2021
dudinka,69.4058,86.1778,43.77,85,100,8.28,RU,Thu Aug 19 14:08:15 2021
rognan,67.0953,15.3878,56.88,92,99,5.32,NO,Thu Aug 19 14:08:16 2021
waingapu,-9.6567,120.2641,74.23,85,52,5.88,ID,Thu Aug 19 14:08:16 2021
talaya,61.3833,152.75,50.77,88,91,3.4,RU,Thu Aug 19 14:08:16 2021
sokoto,13.0609,5.239,84.38,63,100,7.81,NG,Thu Aug 19 14:08:17 2021
san quintin,30.4833,-115.95,75.92,67,11,10.54,MX,Thu Aug 19 14:03:26 2021
chor,25.5167,69.7667,83.44,62,91,19.95,PK,Thu Aug 19 14:08:17 2021
porto novo,6.4965,2.6036,76.21,82,100,2.46,BJ,Thu Aug 19 14:04:48 2021
kununurra,-15.7667,128.7333,64.38,77,0,5.75,AU,Thu Aug 19 14:03:32 2021
viedma,-40.8135,-62.9967,64.36,24,9,19.51,AR,Thu Aug 19 14:02:26 2021
konakovo,56.7,36.7667,59.14,69,15,5.23,RU,Thu Aug 19 14:08:19 2021
dolores hidalgo,21.1561,-100.9308,81.86,45,36,5.5,MX,Thu Aug 19 14:08:19 2021
sao felix do xingu,-6.6447,-51.995,98.8,16,8,3.22,BR,Thu Aug 19 14:08:19 2021
belmonte,-15.8631,-38.8828,73.9,80,40,10.65,BR,Thu Aug 19 14:08:20 2021
yemtsa,63.0734,40.3329,59.49,79,79,6.87,RU,Thu Aug 19 14:08:20 2021
upernavik,72.7868,-56.1549,39.99,86,100,10.6,GL,Thu Aug 19 14:02:47 2021
gizeh,30.0081,31.2109,88.54,42,0,14.38,EG,Thu Aug 19 14:08:03 2021
tambun,-6.2641,107.0712,76.89,85,100,2.86,ID,Thu Aug 19 14:08:21 2021
mildura,-34.2,142.15,52.07,54,40,9.22,AU,Thu Aug 19 14:08:22 2021
uhlove,44.8215,33.6045,72.57,69,84,14.72,UA,Thu Aug 19 14:08:22 2021
varkaus,62.3153,27.873,57.31,93,99,11.54,FI,Thu Aug 19 14:08:22 2021
alofi,-19.0595,-169.9187,76.32,77,18,12.06,NU,Thu Aug 19 14:01:36 2021
henties bay,-22.116,14.2845,56.86,86,0,10.54,NA,Thu Aug 19 14:03:40 2021
sambava,-14.2667,50.1667,71.78,90,74,7.02,MG,Thu Aug 19 14:01:25 2021
nuuk,64.1835,-51.7216,48.81,93,90,8.05,GL,Thu Aug 19 14:08:23 2021
geraldton,-28.7667,114.6,57.61,94,90,4.61,AU,Thu Aug 19 14:08:24 2021
san patricio,28.017,-97.5169,97.48,46,13,17.49,US,Thu Aug 19 14:08:24 2021
spearfish,44.4908,-103.8594,63.48,63,75,18.41,US,Thu Aug 19 14:08:25 2021
ribeira grande,38.5167,-28.7,77.4,78,20,13.8,PT,Thu Aug 19 14:01:14 2021
aktau,43.65,51.2,77.58,27,17,7.56,KZ,Thu Aug 19 14:08:25 2021
porterville,36.0652,-119.0168,85.75,39,1,6.91,US,Thu Aug 19 14:05:10 2021
kimbe,-5.5502,150.1429,74.23,92,99,3.83,PG,Thu Aug 19 14:08:26 2021
mubende,0.5606,31.39,65.12,76,32,1.12,UG,Thu Aug 19 14:08:26 2021
ulladulla,-35.35,150.4667,48.09,83,61,4.54,AU,Thu Aug 19 14:02:48 2021
chapais,49.7834,-74.8492,88.66,40,8,6.55,CA,Thu Aug 19 14:02:28 2021
mino,34.8269,135.4706,72.63,96,100,3.69,JP,Thu Aug 19 14:08:27 2021
alyangula,-13.8483,136.4192,71.06,84,0,7.47,AU,Thu Aug 19 14:03:24 2021
saint george,37.1041,-113.5841,86.47,39,19,3.0,US,Thu Aug 19 13:58:11 2021
iskitim,54.6366,83.3045,55.26,90,20,4.38,RU,Thu Aug 19 14:08:28 2021
jutai,-5.1833,-68.9,93.69,39,100,1.74,BR,Thu Aug 19 14:08:29 2021
kaeo,-35.1,173.7833,44.33,95,10,4.32,NZ,Thu Aug 19 14:08:29 2021
lokhvytsya,50.3678,33.2602,67.5,45,8,15.3,UA,Thu Aug 19 14:08:29 2021
kodinsk,58.6881,99.1844,58.01,71,94,2.93,RU,Thu Aug 19 14:03:54 2021
krasnyy yar,46.5331,48.3456,78.73,27,100,8.46,RU,Thu Aug 19 14:08:30 2021
lata,40.1629,-8.3327,77.04,56,0,5.32,PT,Thu Aug 19 14:08:30 2021
miyako,39.6367,141.9525,68.83,92,92,2.48,JP,Thu Aug 19 14:08:31 2021
madimba,-10.4,40.3333,71.67,89,1,7.72,TZ,Thu Aug 19 14:08:31 2021
naze,28.3667,129.4833,77.05,86,96,6.15,JP,Thu Aug 19 14:04:51 2021
maceio,-9.6658,-35.7353,78.24,73,90,14.97,BR,Thu Aug 19 14:08:32 2021
hokitika,-42.7167,170.9667,47.28,84,48,12.33,NZ,Thu Aug 19 14:08:32 2021
fort nelson,58.8053,-122.7002,66.16,46,54,9.91,CA,Thu Aug 19 14:02:59 2021
hulan,45.9833,126.6,66.87,91,22,8.32,CN,Thu Aug 19 14:08:33 2021
komsomolskiy,40.4272,71.7189,79.52,38,100,11.5,UZ,Thu Aug 19 14:08:33 2021
jawhar,2.7809,45.5005,76.42,82,25,17.81,SO,Thu Aug 19 14:08:34 2021
vao,-22.6667,167.4833,68.07,78,99,20.13,NC,Thu Aug 19 14:01:17 2021
praya,14.9215,-23.5087,82.94,74,40,4.61,CV,Thu Aug 19 14:08:35 2021
verkhnyaya inta,65.9811,60.3094,55.49,87,78,9.91,RU,Thu Aug 19 14:08:35 2021
isangel,-19.55,169.2667,71.65,77,100,12.8,VU,Thu Aug 19 14:01:50 2021
palmer,42.1584,-72.3287,82.02,76,90,1.99,US,Thu Aug 19 14:08:36 2021
guabito,9.5,-82.6167,85.89,66,100,6.22,PA,Thu Aug 19 14:08:36 2021
san ramon,37.7799,-121.978,81.55,53,1,1.01,US,Thu Aug 19 14:08:37 2021
lethem,3.3803,-59.7968,86.61,64,93,2.24,GY,Thu Aug 19 14:08:37 2021
tucumcari,35.1717,-103.725,91.94,27,1,12.66,US,Thu Aug 19 14:08:38 2021
medicine hat,50.0501,-110.6683,65.21,60,100,3.6,CA,Thu Aug 19 14:07:27 2021
santa rosa,14.3122,121.1114,78.1,93,100,0.81,PH,Thu Aug 19 14:04:38 2021
kaka,37.3482,59.6143,81.14,18,0,4.27,TM,Thu Aug 19 14:08:39 2021
svetlyy,54.675,20.1347,59.05,76,30,11.05,RU,Thu Aug 19 14:08:39 2021
bucerias,20.75,-105.3333,88.99,70,40,6.91,MX,Thu Aug 19 14:07:17 2021
hualmay,-11.0964,-77.6139,67.8,71,12,10.29,PE,Thu Aug 19 14:08:40 2021
shingu,33.7333,135.9833,73.9,91,98,3.31,JP,Thu Aug 19 14:08:40 2021
carlsbad,33.1581,-117.3506,84.81,71,1,5.01,US,Thu Aug 19 14:07:38 2021
abu kamal,34.4506,40.9171,91.67,18,0,5.75,SY,Thu Aug 19 14:08:41 2021
basco,20.4487,121.9702,83.52,77,100,8.16,PH,Thu Aug 19 14:08:42 2021
ardatov,55.2421,43.097,74.48,37,0,11.56,RU,Thu Aug 19 14:08:42 2021
zhigansk,66.7697,123.3711,48.11,96,100,3.91,RU,Thu Aug 19 14:04:32 2021
amot,59.5714,7.9877,50.5,63,51,5.75,NO,Thu Aug 19 14:08:43 2021
grindavik,63.8424,-22.4338,55.9,87,90,11.5,IS,Thu Aug 19 14:08:43 2021
wewak,-3.5534,143.6268,78.57,86,100,6.85,PG,Thu Aug 19 14:03:25 2021
cordeiro,-22.0286,-42.3608,73.15,62,27,2.77,BR,Thu Aug 19 14:08:44 2021
berlevag,70.8578,29.0864,48.15,93,90,5.75,NO,Thu Aug 19 14:04:32 2021
praia da vitoria,38.7333,-27.0667,73.98,79,25,12.86,PT,Thu Aug 19 14:08:45 2021
miri,4.4148,114.0089,75.6,91,100,3.65,MY,Thu Aug 19 14:08:45 2021
yumen,40.2833,97.2,66.25,31,0,7.58,CN,Thu Aug 19 14:08:45 2021
deming,32.2687,-107.7586,84.09,34,20,9.22,US,Thu Aug 19 14:08:46 2021
xocali,39.913,46.7903,72.0,61,63,4.0,AZ,Thu Aug 19 14:08:46 2021
asgabat,37.95,58.3833,80.46,19,0,2.3,TM,Thu Aug 19 14:08:47 2021
ayagoz,47.9714,80.4392,65.89,54,10,8.99,KZ,Thu Aug 19 14:08:47 2021
tres arroyos,-38.3739,-60.2798,62.74,49,1,12.06,AR,Thu Aug 19 14:08:48 2021
martil,35.6166,-5.2752,80.67,86,0,5.35,MA,Thu Aug 19 14:08:48 2021
boffa,10.1667,-14.0333,75.29,90,100,2.59,GN,Thu Aug 19 14:08:48 2021
victor harbor,-35.5667,138.6167,62.47,69,100,14.14,AU,Thu Aug 19 14:08:49 2021
awjilah,29.1081,21.2869,87.19,36,0,17.4,LY,Thu Aug 19 14:08:49 2021
nizhniy kuranakh,58.8353,125.4869,58.82,94,100,2.84,RU,Thu Aug 19 14:05:01 2021
bria,6.5423,21.9863,69.4,97,59,1.28,CF,Thu Aug 19 14:08:50 2021
maltahohe,-24.8333,16.9833,53.44,26,0,3.69,NA,Thu Aug 19 14:08:50 2021
sisimiut,66.9395,-53.6735,45.99,89,100,5.79,GL,Thu Aug 19 14:08:51 2021
boyuibe,-20.4167,-63.2833,96.66,19,0,17.0,BO,Thu Aug 19 14:08:52 2021
saint-michel-des-saints,46.6834,-73.9159,79.65,56,100,1.45,CA,Thu Aug 19 14:08:52 2021
luanda,-8.8368,13.2343,71.6,94,40,5.75,AO,Thu Aug 19 14:03:26 2021
kirakira,-10.4544,161.9205,78.87,86,100,10.09,SB,Thu Aug 19 14:01:38 2021
fairbanks,64.8378,-147.7164,48.09,93,100,2.33,US,Thu Aug 19 14:00:33 2021
ust-kuyga,70.0167,135.6,56.21,79,79,1.25,RU,Thu Aug 19 14:08:53 2021
krasnoselkup,65.7,82.4667,45.03,86,100,13.96,RU,Thu Aug 19 14:08:53 2021
vallenar,-28.5708,-70.7581,72.91,23,100,2.89,CL,Thu Aug 19 14:08:54 2021
zapolyarnyy,69.4154,30.8136,49.28,90,100,3.24,RU,Thu Aug 19 14:03:17 2021
qaqortoq,60.7167,-46.0333,50.5,92,100,4.88,GL,Thu Aug 19 14:08:54 2021
okhotsk,59.3833,143.3,58.24,95,100,4.34,RU,Thu Aug 19 14:02:54 2021
mecca,21.4267,39.8261,90.63,35,16,6.24,SA,Thu Aug 19 14:06:43 2021
coahuayana,18.7333,-103.6833,87.28,53,85,6.51,MX,Thu Aug 19 14:08:55 2021
gracac,44.3006,15.8547,69.55,51,0,7.83,HR,Thu Aug 19 14:08:56 2021
qasigiannguit,68.8193,-51.1922,48.45,93,90,2.1,GL,Thu Aug 19 14:08:56 2021
sosua,19.7667,-70.5167,92.23,70,75,13.8,DO,Thu Aug 19 14:08:57 2021
boende,-0.2167,20.8667,71.76,90,35,2.35,CD,Thu Aug 19 14:08:57 2021
chunskiy,56.0815,99.6342,56.03,71,100,3.56,RU,Thu Aug 19 14:04:07 2021
galesong,-5.3166,119.3661,75.22,77,100,3.47,ID,Thu Aug 19 14:08:58 2021
barcelos,41.5388,-8.6151,80.28,67,0,5.61,PT,Thu Aug 19 14:08:58 2021
egvekinot,66.3167,-179.1667,41.59,71,7,1.54,RU,Thu Aug 19 14:08:59 2021
lebu,-37.6167,-73.65,51.26,86,5,17.85,CL,Thu Aug 19 14:02:59 2021
kamenka,51.3223,42.7678,78.69,25,100,10.4,RU,Thu Aug 19 14:08:59 2021
cockburn town,21.4612,-71.1419,82.69,76,91,14.88,TC,Thu Aug 19 14:03:08 2021
nago,26.5881,127.9761,80.67,89,85,9.33,JP,Thu Aug 19 14:09:00 2021
touros,-5.1989,-35.4608,81.5,66,94,19.28,BR,Thu Aug 19 14:03:28 2021
srednekolymsk,67.45,153.6833,53.22,67,5,3.0,RU,Thu Aug 19 14:04:04 2021
isla mujeres,21.2311,-86.731,77.05,83,100,28.32,MX,Thu Aug 19 14:09:01 2021
los llanos de aridane,28.6585,-17.9182,73.15,65,0,12.66,ES,Thu Aug 19 14:03:13 2021
sorong,-0.8833,131.25,75.92,93,100,4.59,ID,Thu Aug 19 14:02:21 2021
ardu,59.0986,25.3541,57.18,84,49,9.48,EE,Thu Aug 19 14:09:01 2021
karratha,-20.7377,116.8463,71.85,37,0,8.52,AU,Thu Aug 19 14:09:02 2021
padang,-0.9492,100.3543,75.54,79,100,3.69,ID,Thu Aug 19 14:01:07 2021
shimoda,34.6667,138.95,77.61,87,51,5.08,JP,Thu Aug 19 14:09:03 2021
semporna,4.4818,118.6112,79.39,78,17,1.12,MY,Thu Aug 19 14:09:03 2021
kingsville,27.5159,-97.8561,97.48,56,75,3.0,US,Thu Aug 19 14:09:04 2021
marrakesh,31.6315,-8.0083,95.07,21,20,10.36,MA,Thu Aug 19 14:07:08 2021
asyut,27.181,31.1837,89.29,27,0,9.62,EG,Thu Aug 19 14:07:07 2021
tongchuan,35.0806,109.0897,69.82,88,59,2.57,CN,Thu Aug 19 14:09:04 2021
novosheshminsk,55.0651,51.2338,77.41,39,0,4.56,RU,Thu Aug 19 14:09:05 2021
quatre cocos,-20.2078,57.7625,70.09,72,16,10.78,MU,Thu Aug 19 14:09:05 2021
bathsheba,13.2167,-59.5167,77.61,88,75,6.91,BB,Thu Aug 19 14:09:06 2021
copiapo,-27.3667,-70.3333,58.69,23,100,6.29,CL,Thu Aug 19 14:09:06 2021
jaguaribe,-5.8906,-38.6219,93.76,27,68,11.12,BR,Thu Aug 19 14:09:07 2021
martapura,-3.4167,114.85,75.29,100,20,2.3,ID,Thu Aug 19 14:09:07 2021
mago,53.2514,140.1822,62.55,74,16,2.04,RU,Thu Aug 19 14:09:07 2021
yankton,42.8711,-97.3973,88.05,55,75,18.41,US,Thu Aug 19 14:09:08 2021
portland,45.5234,-122.6762,75.83,65,99,1.01,US,Thu Aug 19 13:58:20 2021
piacabucu,-10.4056,-36.4344,76.39,74,88,13.8,BR,Thu Aug 19 14:09:08 2021
hays,30.0502,-98.0336,95.63,56,98,5.99,US,Thu Aug 19 14:05:15 2021
labuhan,-6.8844,112.2051,75.11,83,100,9.75,ID,Thu Aug 19 14:04:29 2021
caravelas,-17.7125,-39.2481,75.34,65,53,7.4,BR,Thu Aug 19 14:01:14 2021
cuite,-6.4836,-36.1536,76.01,60,73,17.56,BR,Thu Aug 19 14:09:09 2021
san felipe,10.3399,-68.7425,83.43,73,77,3.89,VE,Thu Aug 19 14:09:10 2021
petrivka,46.9695,30.9591,66.65,61,74,11.14,UA,Thu Aug 19 14:09:10 2021
boa vista,2.8197,-60.6733,89.58,55,40,4.61,BR,Thu Aug 19 14:09:11 2021
cayenne,4.9333,-52.3333,85.08,74,84,5.01,GF,Thu Aug 19 14:09:11 2021
lagos,6.5833,3.75,74.91,91,100,2.35,NG,Thu Aug 19 14:09:12 2021
wonthaggi,-38.6044,145.5913,52.72,79,100,9.82,AU,Thu Aug 19 14:09:12 2021
obo,5.3998,26.4869,68.61,97,100,2.64,CF,Thu Aug 19 14:09:12 2021
houma,29.5958,-90.7195,93.99,68,75,14.97,US,Thu Aug 19 14:09:13 2021
vitim,59.4511,112.5578,52.81,94,61,1.95,RU,Thu Aug 19 14:09:13 2021
amasya,40.6667,35.8333,73.08,82,0,5.23,TR,Thu Aug 19 14:09:14 2021
zalantun,48.0,122.7167,66.38,98,100,16.4,CN,Thu Aug 19 14:09:14 2021
midland,31.9974,-102.0779,94.68,46,1,10.36,US,Thu Aug 19 14:05:46 2021
sawtell,-30.3833,153.1,59.02,72,12,11.5,AU,Thu Aug 19 14:09:15 2021
nome,64.5011,-165.4064,48.27,93,90,20.71,US,Thu Aug 19 14:02:49 2021
manakara,-22.1333,48.0167,68.07,94,8,8.1,MG,Thu Aug 19 14:09:16 2021
innisfail,-17.5333,146.0333,67.37,82,98,5.3,AU,Thu Aug 19 13:59:26 2021
auki,-8.7676,160.7034,76.5,88,87,4.68,SB,Thu Aug 19 14:09:16 2021
gornopravdinsk,60.05,69.9,52.92,90,97,4.85,RU,Thu Aug 19 14:09:17 2021
koungou,-12.7336,45.2042,74.91,88,0,3.44,YT,Thu Aug 19 14:09:17 2021
cabedelo,-6.9811,-34.8339,77.22,81,96,16.64,BR,Thu Aug 19 14:00:57 2021
saint-georges,12.0564,-61.7485,83.12,72,99,7.52,GD,Thu Aug 19 14:05:32 2021
acapulco,16.8634,-99.8901,87.24,66,24,6.76,MX,Thu Aug 19 14:00:03 2021
camacha,33.0833,-16.3333,72.36,73,20,13.8,PT,Thu Aug 19 14:04:27 2021
vestmannaeyjar,63.4427,-20.2734,53.89,83,100,11.7,IS,Thu Aug 19 14:01:57 2021
leeds,53.7964,-1.5477,66.51,71,40,3.44,GB,Thu Aug 19 14:09:18 2021
paamiut,61.994,-49.6678,43.52,99,100,12.26,GL,Thu Aug 19 14:02:22 2021
yei,4.095,30.6779,66.76,94,36,2.15,SS,Thu Aug 19 14:09:19 2021
lokoja,7.8024,6.743,74.68,95,100,4.41,NG,Thu Aug 19 14:09:19 2021
pandan,14.0453,124.1694,79.92,84,94,2.73,PH,Thu Aug 19 14:09:20 2021
bagdarin,54.4333,113.6,49.03,95,100,4.79,RU,Thu Aug 19 14:09:20 2021
erzin,36.9559,36.2,81.32,86,14,3.0,TR,Thu Aug 19 14:09:21 2021
gushikawa,26.3544,127.8686,79.83,94,1,0.0,JP,Thu Aug 19 14:09:21 2021
saint-pierre,-21.3393,55.4781,69.44,73,20,6.91,RE,Thu Aug 19 14:01:23 2021
miraflores,19.2167,-98.8083,75.96,53,58,3.6,MX,Thu Aug 19 14:09:22 2021
kamra,33.7473,73.5111,72.93,70,0,9.64,PK,Thu Aug 19 14:09:22 2021
kerema,-7.9631,145.7785,76.57,90,98,1.68,PG,Thu Aug 19 14:09:23 2021
camocim,-2.9022,-40.8411,84.33,59,7,15.93,BR,Thu Aug 19 14:09:23 2021
waiouru,-39.4833,175.6667,40.06,94,100,7.83,NZ,Thu Aug 19 14:09:23 2021
honiara,-9.4333,159.95,76.44,88,16,6.71,SB,Thu Aug 19 14:03:53 2021
sumenep,-7.0167,113.8667,79.18,77,100,8.59,ID,Thu Aug 19 14:09:24 2021
udachnyy,66.4167,112.4,57.56,76,100,6.04,RU,Thu Aug 19 14:09:25 2021
axim,4.8699,-2.2405,76.26,86,21,7.61,GH,Thu Aug 19 14:09:25 2021
concepcion del oro,24.6333,-101.4167,77.59,30,0,7.31,MX,Thu Aug 19 14:09:25 2021
ixtapa,20.7,-105.2,88.23,70,40,6.91,MX,Thu Aug 19 14:07:46 2021
patillas,18.0064,-66.0157,89.53,85,11,5.01,PR,Thu Aug 19 14:09:26 2021
kibre mengist,5.8833,38.9833,63.48,67,87,0.67,ET,Thu Aug 19 14:09:27 2021
aras,42.5617,-2.356,64.2,64,0,5.19,ES,Thu Aug 19 14:09:28 2021
suket,24.65,76.0333,77.95,78,100,14.0,IN,Thu Aug 19 14:09:28 2021
berdigestyakh,62.0989,126.6992,54.9,97,100,10.38,RU,Thu Aug 19 14:09:28 2021
urusha,54.05,122.9,60.03,99,100,5.61,RU,Thu Aug 19 14:09:29 2021
dingle,10.9995,122.6711,75.74,90,53,2.89,PH,Thu Aug 19 14:02:12 2021
bedford,52.1346,-0.4663,68.67,72,100,6.76,GB,Thu Aug 19 14:09:30 2021
waipawa,-41.4122,175.5153,51.03,69,0,13.96,NZ,Thu Aug 19 14:04:55 2021
hanmer springs,-42.5167,172.8167,41.52,93,100,3.53,NZ,Thu Aug 19 14:09:30 2021
oktyabrskiy,54.4815,53.471,77.41,37,63,3.56,RU,Thu Aug 19 14:09:30 2021
pasighat,28.0667,95.3333,76.33,99,100,2.17,IN,Thu Aug 19 14:09:31 2021
pokhvistnevo,53.6524,52.1274,79.56,23,40,4.43,RU,Thu Aug 19 14:09:07 2021
gamba,-2.65,10.0,74.17,83,82,8.14,GA,Thu Aug 19 14:03:47 2021
vila,42.0304,-8.1588,69.69,57,5,3.69,PT,Thu Aug 19 14:09:32 2021
adrar,20.5022,-10.0711,97.16,28,5,16.46,MR,Thu Aug 19 14:02:40 2021
ilhabela,-23.7781,-45.3581,73.09,78,5,4.14,BR,Thu Aug 19 14:09:32 2021
san francisco,37.7749,-122.4194,83.62,78,40,3.0,US,Thu Aug 19 14:05:32 2021
panzhihua,26.5851,101.7128,69.31,92,100,0.34,CN,Thu Aug 19 14:09:33 2021
sabang,5.8933,95.3214,81.39,73,98,18.99,ID,Thu Aug 19 14:09:34 2021
ust-nera,64.5667,143.2,47.05,92,32,2.44,RU,Thu Aug 19 14:09:34 2021
high level,58.5169,-117.136,65.23,50,40,8.86,CA,Thu Aug 19 14:04:33 2021
abaza,52.655,90.0928,57.56,80,98,4.94,RU,Thu Aug 19 14:09:35 2021
sibolga,1.7427,98.7792,74.8,91,100,2.53,ID,Thu Aug 19 14:09:35 2021
kudahuvadhoo,2.6708,72.8944,82.02,75,11,9.31,MV,Thu Aug 19 14:09:36 2021
lewistown,40.5992,-77.5714,86.99,67,20,6.91,US,Thu Aug 19 14:07:47 2021
faya,18.3851,42.4509,73.06,45,60,4.03,SA,Thu Aug 19 14:03:28 2021
gazli,40.1333,63.45,84.97,19,0,13.4,UZ,Thu Aug 19 14:09:37 2021
sulangan,11.1373,123.7228,83.03,74,100,4.65,PH,Thu Aug 19 14:09:37 2021
rincon,32.296,-81.2354,95.92,56,75,5.75,US,Thu Aug 19 14:09:38 2021
port loko,8.7667,-12.7833,74.64,93,98,3.2,SL,Thu Aug 19 14:09:38 2021
coquimbo,-29.9533,-71.3436,61.2,78,74,6.02,CL,Thu Aug 19 14:01:59 2021
coari,-4.085,-63.1414,93.87,39,74,1.63,BR,Thu Aug 19 14:09:39 2021
izumo,35.3667,132.7667,72.54,89,98,4.25,JP,Thu Aug 19 14:09:39 2021
borovoy,55.4333,86.0833,58.28,82,0,8.95,RU,Thu Aug 19 14:09:40 2021
gunjur,13.2019,-16.7339,78.87,89,75,6.91,GM,Thu Aug 19 14:09:40 2021
taiyuan,37.8694,112.5603,62.46,94,1,2.24,CN,Thu Aug 19 14:09:41 2021
plerin,48.5425,-2.7798,67.48,85,90,1.99,FR,Thu Aug 19 14:09:41 2021
turukhansk,65.8167,87.9833,38.79,89,47,3.89,RU,Thu Aug 19 14:05:07 2021
comodoro rivadavia,-45.8667,-67.5,53.46,32,0,13.8,AR,Thu Aug 19 14:08:31 2021
collie,-33.3667,116.15,47.98,97,50,3.38,AU,Thu Aug 19 14:09:42 2021
vicuna,-30.0319,-70.7081,56.93,44,100,4.14,CL,Thu Aug 19 14:05:41 2021
hereford,52.0568,-2.7148,67.6,57,33,7.4,GB,Thu Aug 19 14:09:43 2021
sarankhola,22.3082,89.7897,77.68,93,100,6.69,BD,Thu Aug 19 14:09:43 2021
usakos,-22.0,15.6,57.06,45,0,5.93,NA,Thu Aug 19 14:09:43 2021
doka,13.5167,35.7667,75.16,86,100,11.34,SD,Thu Aug 19 14:09:44 2021
venancio aires,-29.6064,-52.1919,95.22,39,0,9.37,BR,Thu Aug 19 14:09:44 2021
sao joao da barra,-21.6403,-41.0511,77.09,69,0,19.26,BR,Thu Aug 19 14:04:33 2021
lengshuijiang,27.6881,111.4294,77.81,91,97,2.15,CN,Thu Aug 19 14:09:45 2021
alassio,44.0039,8.1671,78.89,70,0,1.01,IT,Thu Aug 19 14:09:45 2021
wad madani,14.4012,33.5199,88.45,51,100,14.0,SD,Thu Aug 19 14:09:46 2021
bridgetown,13.1,-59.6167,77.49,88,75,6.91,BB,Thu Aug 19 14:09:46 2021
kutum,14.2,24.6667,74.62,62,40,13.89,SD,Thu Aug 19 14:02:08 2021
beidao,34.5686,105.8933,64.36,92,14,1.3,CN,Thu Aug 19 14:05:16 2021
tahe,52.3333,124.7333,65.53,93,100,7.31,CN,Thu Aug 19 14:09:47 2021
kautokeino,69.0125,23.0412,50.29,97,96,5.68,NO,Thu Aug 19 14:09:47 2021
ca mau,9.1769,105.15,77.67,87,100,3.33,VN,Thu Aug 19 14:09:48 2021
kemijarvi,66.7131,27.4306,52.88,98,67,6.85,FI,Thu Aug 19 14:02:04 2021
chaman,30.9236,66.4512,79.2,13,1,6.91,PK,Thu Aug 19 14:09:48 2021
shumikha,55.2261,63.2961,69.66,50,1,6.53,RU,Thu Aug 19 14:09:49 2021
george town,5.4112,100.3354,77.9,92,40,4.61,MY,Thu Aug 19 14:00:10 2021
makakilo city,21.3469,-158.0858,80.92,78,75,6.91,US,Thu Aug 19 14:09:49 2021
wanning,18.8003,110.3967,80.47,81,23,8.95,CN,Thu Aug 19 14:09:50 2021
la ronge,55.1001,-105.2842,65.46,40,100,4.81,CA,Thu Aug 19 14:09:50 2021
isilkul,54.9109,71.2728,62.71,54,13,1.32,RU,Thu Aug 19 14:09:51 2021
fortuna,40.5982,-124.1573,64.98,70,1,12.66,US,Thu Aug 19 14:05:20 2021
road town,18.4167,-64.6167,89.69,77,0,19.95,VG,Thu Aug 19 14:03:42 2021
resistencia,-27.4606,-58.9839,98.65,23,0,17.27,AR,Thu Aug 19 14:09:52 2021
broceni,56.7,22.5333,54.72,91,4,8.81,LV,Thu Aug 19 14:09:52 2021
constitucion,-35.3333,-72.4167,54.1,76,5,11.39,CL,Thu Aug 19 14:03:36 2021
